home_team,home_avg_points_last_5,home_avg_goals_scored_last_5,home_avg_goals_conceded_last_5,home_avg_goal_diff_last_5,home_win_streak,home_clean_sheets_last_5,home_momentum_score,home_elo
Abkhazia,1.8125,1.7,0.8125,0.8875,2.5,2.75,1.76625,1541.1914966094305
Afghanistan,1.0893617021276596,1.0936170212765957,1.9106382978723404,-0.8170212765957446,1.425531914893617,1.2765957446808511,0.603404255319149,1329.2002934852565
Albania,1.0490338164251207,0.9661030595813205,1.5025764895330114,-0.5364734299516908,1.3429951690821256,1.4879227053140096,0.6760628019323672,1467.9933317141024
Alderney,0.5,0.8583333333333333,3.075,-2.216666666666667,0.625,0.625,-0.27749999999999997,1451.7966893509688
Algeria,1.641431261770245,1.5376647834274955,0.9988700564971752,0.5387947269303202,2.268361581920904,1.9802259887005649,1.4699058380414314,1618.3975104455405
American Samoa,0.33799999999999997,0.66,6.3,-5.64,0.48,0.28,-1.4328,1338.2332574909929
Andalusia,1.6378787878787877,1.5106060606060607,1.4924242424242424,0.018181818181818177,2.090909090909091,1.8181818181818181,1.2606060606060607,1525.8048093891105
Andorra,0.29911504424778756,0.3380530973451328,2.457227138643068,-2.119174041297935,0.2743362831858407,0.6548672566371682,-0.3957522123893805,1240.8461968254267
Angola,1.3302955665024632,1.110344827586207,1.0482758620689656,0.062068965517241385,1.6059113300492611,1.70935960591133,1.042857142857143,1530.000133083745
Anguilla,0.23908045977011494,0.48045977011494256,4.098850574712643,-3.618390804597701,0.20689655172413793,0.1724137931034483,-0.931264367816092,1263.5863473990119
Antigua and Barbuda,1.0584615384615383,1.3185897435897436,1.991794871794872,-0.6732051282051282,1.4461538461538461,1.0153846153846153,0.6121923076923077,1415.570496980614
Arameans Suryoye,2.8,1.5,0.1,1.4,2.5,2.5,2.29,1525.5508677790804
Argentina,1.9240495867768594,1.9198347107438016,0.9954545454545455,0.9243801652892562,2.796694214876033,1.9537190082644629,1.8016446280991738,1748.051991938594
Armenia,0.9475826972010177,1.033587786259542,1.810178117048346,-0.7765903307888041,1.2671755725190839,0.9389312977099237,0.4933842239185751,1460.7561291506263
Artsakh,1.6222222222222225,3.4000000000000004,1.3222222222222222,2.077777777777778,2.1666666666666665,1.0,1.8055555555555556,1508.5163736536795
Aruba,0.7891891891891891,1.2382882882882884,2.370720720720721,-1.1324324324324324,0.9864864864864865,0.5945945945945946,0.23270270270270274,1366.731793505821
Australia,1.716359918200409,2.0529141104294477,1.101635991820041,0.951278118609407,2.51840490797546,1.9539877300613497,1.6710071574642127,1671.2162620267977
Austria,1.4804347826086957,1.7631521739130434,1.510217391304348,0.2529347826086956,2.115217391304348,1.2869565217391303,1.2197934782608697,1614.586597795349
Azerbaijan,0.8114093959731544,0.7539149888143176,1.7784116331096198,-1.024496644295302,0.9463087248322147,1.1476510067114094,0.3212416107382551,1415.7345722046514
Bahamas,0.7628571428571428,1.0942857142857143,3.48,-2.3857142857142857,1.0285714285714285,0.45714285714285713,-0.1591428571428571,1379.554485977762
Bahrain,1.308784425451092,1.253988603988604,1.3490503323836658,-0.09506172839506173,1.7293447293447293,1.5726495726495726,0.9981291547958215,1533.4594671353293
Bangladesh,0.9766666666666666,0.9164583333333333,1.9001041666666665,-0.9836458333333333,1.2625,1.21875,0.46994791666666674,1322.457569701253
Barawa,1.1285714285714286,1.7571428571428573,3.0357142857142856,-1.2785714285714285,1.7142857142857142,1.0,0.5107142857142859,1495.9657633209313
Barbados,1.2034090909090909,1.322348484848485,1.7038825757575757,-0.38153409090909096,1.5681818181818181,1.2613636363636365,0.8066761363636364,1435.0459198813357
Basque Country,2.2,2.6571428571428575,1.3785714285714286,1.2785714285714285,3.3214285714285716,1.0714285714285714,2.035,1625.917011139279
Belarus,1.1514084507042253,1.2549295774647886,1.561737089201878,-0.3068075117370892,1.5,1.1830985915492958,0.7868309859154929,1508.5605209547666
Belgium,1.5527472527472528,1.8228571428571427,1.525054945054945,0.2978021978021978,2.221978021978022,1.512087912087912,1.306043956043956,1626.0030576696756
Belize,1.0074074074074073,1.128395061728395,1.8617283950617283,-0.7333333333333334,1.4074074074074074,1.0740740740740742,0.5718518518518519,1372.569597063496
Benin,0.9409375000000001,1.0543749999999998,1.7947916666666668,-0.7404166666666667,1.175,1.05625,0.49487500000000006,1436.210500161
Bermuda,1.2216216216216216,1.6846846846846846,1.687087087087087,-0.002402402402402402,1.7747747747747749,1.4054054054054055,0.9834234234234235,1423.2915969444177
Bhutan,0.44,0.6228571428571429,3.6457142857142855,-3.0228571428571427,0.6285714285714286,0.6857142857142857,-0.5365714285714286,1156.1671651117529
Bolivia,0.8604477611940299,0.9894278606965174,2.0888059701492536,-1.0993781094527364,1.085820895522388,0.9813432835820896,0.32966417910447765,1486.8716088908914
Bonaire,1.249122807017544,1.6982456140350877,2.456140350877193,-0.7578947368421053,1.7894736842105263,0.7368421052631579,0.7038596491228071,1414.2726593750313
Bosnia and Herzegovina,1.3551094890510949,1.3474452554744525,1.389051094890511,-0.041605839416058395,1.8832116788321167,1.510948905109489,1.0572992700729928,1587.464024981226
Botswana,1.0587570621468927,0.7981167608286253,1.3731638418079097,-0.5750470809792844,1.3220338983050848,1.7062146892655368,0.6860169491525424,1429.6315350179473
Brazil,2.1039837398373984,2.1766666666666667,0.8994308943089431,1.2772357723577237,3.1528455284552845,2.2065040650406504,2.0759837398373984,1813.2749915718105
British Virgin Islands,0.6693877551020407,0.946938775510204,3.322448979591837,-2.3755102040816327,0.8571428571428571,0.7142857142857143,-0.2020408163265306,1303.4647531681917
Brittany,1.925,1.8875,1.3375,0.55,2.125,0.375,1.3975000000000002,1514.2974997916378
Brunei,0.5735849056603773,0.750943396226415,3.3962264150943398,-2.645283018867924,0.8679245283018868,0.4528301886792453,-0.34528301886792445,1195.1389586374933
Bulgaria,1.2387692307692308,1.2982564102564103,1.6055384615384614,-0.3072820512820513,1.64,1.2738461538461539,0.8587076923076924,1567.0811947701113
Burkina Faso,1.330841121495327,1.229595015576324,1.3355140186915888,-0.10591900311526481,1.780373831775701,1.4672897196261683,1.0033644859813085,1509.7502810005756
Burundi,1.1260204081632652,1.0964285714285715,1.3877551020408163,-0.2913265306122449,1.489795918367347,1.4591836734693877,0.8068877551020408,1437.010636191567
Cambodia,0.7844594594594594,1.1155405405405405,2.598648648648649,-1.4831081081081081,1.054054054054054,0.7702702702702703,0.15668918918918923,1273.1239554307322
Cameroon,1.6209459459459459,1.4229166666666666,1.087837837837838,0.33507882882882883,2.179054054054054,1.8716216216216217,1.3718750000000002,1627.336192458113
Canada,1.3981395348837211,1.2995348837209302,1.2790697674418605,0.02046511627906977,1.9209302325581394,1.827906976744186,1.132372093023256,1569.7380672756683
Cape Verde,1.289430894308943,1.0533875338753387,1.178319783197832,-0.12493224932249324,1.7560975609756098,1.6504065040650406,0.9945528455284554,1494.7846399057817
Cayman Islands,0.7386574074074074,0.9444444444444444,2.5416666666666665,-1.5972222222222223,0.9305555555555556,0.9166666666666666,0.09407407407407413,1356.624518206706
Central African Republic,0.773671497584541,1.092512077294686,1.9811594202898548,-0.888647342995169,0.9420289855072463,0.8260869565217391,0.31388888888888894,1398.9195386750634
Central Spain,0.0,1.0,4.0,-3.0,0.0,0.0,-0.8999999999999999,1490.0
Chad,0.835820895522388,0.826865671641791,1.7492537313432837,-0.9223880597014925,0.9850746268656716,1.1791044776119404,0.37253731343283586,1414.974534952531
Chagos Islands,0.56,1.3199999999999998,5.2,-3.8800000000000003,0.6,0.0,-0.82,1478.09124808048
Chameria,1.55,2.25,1.4,0.85,1.5,1.5,1.3250000000000002,1502.1538134272191
Chechnya,,,,,,,,1500.0
Chile,1.332394366197183,1.4487480438184663,1.4802034428794992,-0.03145539906103286,1.880281690140845,1.3568075117370892,1.0352582159624415,1599.4368590016816
China,1.6542606516290725,1.801127819548872,1.0784461152882205,0.7226817042606517,2.380952380952381,2.007518796992481,1.5554511278195489,1622.492001242675
Colombia,1.4674267100977199,1.2830618892508143,1.2020629750271445,0.08099891422366992,1.990228013029316,2.003257328990228,1.209641693811075,1644.8977507105808
Comoros,0.9393939393939394,0.9045454545454545,1.690909090909091,-0.7863636363636364,1.1818181818181819,0.9696969696969697,0.47318181818181826,1369.9098623841992
Congo,1.2524752475247525,1.3603960396039605,1.500990099009901,-0.14059405940594058,1.6782178217821782,1.2722772277227723,0.9216831683168317,1506.664386497618
Cook Islands,0.59,0.8033333333333333,7.111666666666666,-6.308333333333334,0.9,0.25,-1.4514999999999998,1417.9625901544384
Costa Rica,1.6187845303867403,1.8232044198895028,1.131169429097606,0.6920349907918969,2.270718232044199,1.7430939226519337,1.4835773480662986,1623.3862206520137
County of Nice,2.033333333333333,1.9000000000000001,1.3111111111111111,0.5888888888888889,2.3333333333333335,2.0,1.656666666666667,1514.2622721065327
Croatia,1.8147368421052632,1.7329824561403508,1.0343859649122806,0.6985964912280701,2.5631578947368423,1.9157894736842105,1.6396842105263159,1743.2405643519405
Cuba,1.3024691358024691,1.3756172839506173,1.5008230452674898,-0.12520576131687244,1.7530864197530864,1.7037037037037037,1.0044135802469136,1488.5353130797866
Curaçao,1.3548387096774193,1.621505376344086,1.5666666666666667,0.05483870967741935,1.8172043010752688,1.3333333333333333,1.0551612903225807,1485.302223178839
Cyprus,0.7680911680911681,0.9158119658119659,2.202065527065527,-1.2862535612535613,1.0,0.6794871794871795,0.18930911680911686,1400.9007890232747
Czech Republic,1.6559808612440192,1.8244019138755982,1.2447368421052631,0.579665071770335,2.38755980861244,1.5334928229665072,1.4671531100478468,1665.2536462764058
DR Congo,1.4272727272727272,1.490151515151515,1.1931060606060606,0.2970454545454545,1.940909090909091,1.5545454545454545,1.203659090909091,1550.781248041801
Darfur,0.0,0.19444444444444442,13.972222222222221,-13.777777777777779,0.0,0.0,-4.133333333333334,1473.9502822662205
Denmark,1.6139013452914797,1.8974962630792227,1.3468983557548582,0.5505979073243648,2.3251121076233185,1.4641255605381165,1.4221748878923768,1621.2413835324485
Djibouti,0.252,0.655,3.819,-3.1639999999999997,0.28,0.24,-0.7684000000000001,1262.2749417870737
Dominica,0.945575221238938,1.1615044247787611,1.9578171091445427,-0.7963126843657817,1.1150442477876106,1.0619469026548674,0.4685398230088496,1382.6458233512303
Dominican Republic,1.3198863636363638,1.6829545454545454,1.6,0.08295454545454545,1.8977272727272727,1.4545454545454546,1.0778409090909091,1426.5074950249868
Donetsk PR,0.5,0.875,1.625,-0.75,0.5,0.5,0.12500000000000008,1486.4224068916428
Délvidék,3.0,3.0,1.0,2.0,1.0,0.0,2.0000000000000004,1504.4581829034069
Ecuador,1.179089790897909,1.2141451414514146,1.5773677736777367,-0.3632226322263223,1.5202952029520296,1.3948339483394834,0.8062115621156212,1566.8351909901858
Egypt,1.7467415730337077,1.6928089887640447,1.0456928838951312,0.6471161048689138,2.5146067415730338,2.0584269662921346,1.6015955056179776,1653.0186561689163
El Salvador,1.1962301587301587,1.2834821428571428,1.5871031746031745,-0.3036210317460317,1.6369047619047619,1.2232142857142858,0.8371081349206351,1506.3181797446389
Elba Island,,,,,,,,1500.0
Ellan Vannin,2.2,3.9366666666666665,1.2333333333333334,2.703333333333333,2.4,0.9,2.261,1537.8856154990683
England,1.948242424242424,2.0986666666666665,0.904969696969697,1.1936969696969697,2.847272727272727,2.178181818181818,1.924678787878788,1747.6520044971867
Equatorial Guinea,1.0533333333333332,0.9244444444444445,1.4933333333333334,-0.5688888888888889,1.3888888888888888,1.2777777777777777,0.6562222222222224,1434.6890049203262
Eritrea,0.6076923076923078,0.6615384615384615,1.9307692307692308,-1.2692307692307692,0.6923076923076923,0.8461538461538461,0.08538461538461542,1394.9406262398102
Estonia,0.9492481203007519,0.9646616541353384,1.7654135338345867,-0.8007518796992481,1.199248120300752,1.1578947368421053,0.4951127819548873,1411.9933939680047
Eswatini,0.833587786259542,0.794910941475827,1.7389312977099238,-0.9440203562340967,0.8473282442748091,1.1526717557251909,0.3349618320610688,1375.358510223232
Ethiopia,1.2672268907563027,1.3018207282913163,1.4505602240896358,-0.14873949579831933,1.7016806722689075,1.5546218487394958,0.9580672268907563,1483.1698348160946
Falkland Islands,0.72,1.08,3.4800000000000004,-2.4,1.2,0.6,-0.132,1436.0166979309065
Faroe Islands,0.6589928057553956,0.7920863309352517,2.2741007194244607,-1.4820143884892085,0.9064748201438849,0.6834532374100719,0.06863309352517989,1345.0195608979288
Felvidék,1.6666666666666667,1.7333333333333334,1.7555555555555558,-0.022222222222222237,2.0,0.0,1.06,1507.3033812380327
Fiji,1.4457831325301205,2.335140562248996,1.7407630522088355,0.5943775100401607,2.13855421686747,1.5120481927710843,1.3355421686746989,1527.4857567639453
Finland,0.9577100646352724,1.1653277931671284,2.190258541089566,-1.0249307479224377,1.2825484764542936,1.0,0.4321144967682364,1447.9447547398358
France,1.7364427860696519,1.8409203980099502,1.3211442786069652,0.5197761194029851,2.537313432835821,1.796641791044776,1.5376368159203981,1704.3265379879974
Franconia,,,,,,,,1500.0
French Guiana,1.105,1.5191666666666666,1.7591666666666665,-0.24,1.525,1.0,0.7750000000000001,1424.8031501810938
Frøya,0.6333333333333333,1.3833333333333335,3.6916666666666664,-2.308333333333333,0.75,0.08333333333333333,-0.2808333333333333,1447.5368590322237
Gabon,1.3026960784313726,1.1424019607843139,1.2069444444444444,-0.06454248366013071,1.7107843137254901,1.8284313725490196,1.02671568627451,1521.7484087043558
Galicia,1.9749999999999999,2.202777777777778,1.2083333333333333,0.9944444444444445,2.5,0.0,1.5883333333333336,1529.0421608560569
Gambia,1.101027397260274,0.9914383561643836,1.3842465753424658,-0.3928082191780822,1.356164383561644,1.2397260273972603,0.7177739726027398,1438.5102423370395
Georgia,1.1545774647887324,1.272887323943662,1.4285211267605633,-0.15563380281690142,1.5704225352112675,1.352112676056338,0.8644366197183099,1505.6998861736404
German DR,1.5458333333333334,1.6150252525252526,1.2561868686868687,0.35883838383838385,2.1893939393939394,1.393939393939394,1.3032575757575757,1615.393340961097
Germany,1.9533933933933936,2.255615615615616,1.159039039039039,1.0965765765765767,2.9045045045045046,1.744144144144144,1.8656456456456458,1760.6881447484293
Ghana,1.6410828025477706,1.550212314225053,1.0654989384288747,0.4847133757961783,2.3089171974522293,1.8248407643312101,1.4461146496815287,1627.4539565270368
Gibraltar,0.8582278481012657,1.1594936708860761,2.5535864978902953,-1.3940928270042194,1.2151898734177216,1.2025316455696202,0.2883544303797469,1413.1971767777497
Gotland,1.7333333333333334,3.948888888888889,1.528888888888889,2.42,2.1333333333333333,0.8666666666666667,1.9326666666666668,1511.214897823227
Gozo,1.5,3.6533333333333333,2.7733333333333334,0.8800000000000001,2.2,1.0,1.404,1502.6098799102724
Greece,1.41625,1.299375,1.393125,-0.09375,1.98125,1.584375,1.0930625,1577.4349961215967
Greenland,1.099404761904762,1.799404761904762,2.149404761904762,-0.35,1.6071428571428572,1.3571428571428572,0.791904761904762,1430.3739286980854
Grenada,1.2217557251908397,1.6645038167938933,1.8541984732824428,-0.18969465648854963,1.6564885496183206,1.0610687022900764,0.8691984732824428,1440.179443878837
Guadeloupe,1.4209219858156028,1.692434988179669,1.4807328605200945,0.21170212765957447,2.078014184397163,1.4113475177304964,1.1886170212765956,1495.451820850627
Guam,0.6559999999999999,1.0506666666666666,4.867333333333334,-3.816666666666667,0.94,0.66,-0.6285999999999999,1327.8021441029925
Guatemala,1.2856140350877192,1.3707602339181286,1.3888888888888888,-0.018128654970760244,1.6912280701754385,1.5894736842105264,1.0060000000000002,1528.1670827857927
Guinea,1.4,1.3467811158798284,1.234334763948498,0.11244635193133047,1.8798283261802575,1.4892703862660943,1.1186266094420603,1536.0546908308088
Guinea-Bissau,1.0150537634408603,0.9842293906810036,1.532258064516129,-0.5480286738351254,1.1935483870967742,1.2258064516129032,0.6029032258064516,1440.6849882492431
Guyana,1.0696202531645569,1.3160337552742616,1.9059071729957806,-0.589873417721519,1.4367088607594938,0.9113924050632911,0.629367088607595,1423.4623308425996
Găgăuzia,0.0,0.25,3.0,-2.75,0.0,0.0,-0.825,1487.4929462741457
Haiti,1.4433333333333334,1.602091503267974,1.4072549019607845,0.19483660130718955,2.066666666666667,1.580392156862745,1.2071568627450981,1527.9822800106786
Hitra,0.7749999999999999,1.5,3.7,-2.2,1.25,0.125,-0.08749999999999997,1445.3299315761058
Hmong,0.0,0.0,3.0,-3.0,0.0,0.0,-0.8999999999999999,1490.1458598849963
Honduras,1.47991452991453,1.4773504273504274,1.2290598290598291,0.2482905982905983,2.0096153846153846,1.6442307692307692,1.2327991452991454,1588.546048140649
Hong Kong,1.1966537966537967,1.498133848133848,1.6251608751608753,-0.12702702702702703,1.61003861003861,1.3011583011583012,0.8926769626769627,1436.2574975067519
Hungary,1.5959758551307848,1.942354124748491,1.5034205231388331,0.43893360160965794,2.2877263581488934,1.4245472837022133,1.3700704225352114,1629.0769329194127
Iceland,1.0448936170212766,1.178936170212766,1.7604255319148936,-0.5814893617021277,1.4170212765957446,1.1787234042553192,0.6447872340425532,1486.306461460913
India,1.305084745762712,1.3640677966101695,1.5735593220338984,-0.2094915254237288,1.8101694915254238,1.3796610169491526,0.9591864406779662,1436.759148994055
Indonesia,1.3352380952380951,1.6352380952380952,1.6361904761904762,-0.0009523809523809538,1.9,1.3761904761904762,1.0514285714285714,1473.3548113595184
Iran,1.920057306590258,1.8607449856733524,0.8143266475644699,1.0464183381088825,2.8080229226361033,2.4240687679083095,1.8859598853868196,1691.8750383748425
Iraq,1.706212121212121,1.5386868686868687,0.8737373737373737,0.664949494949495,2.3575757575757574,2.139393939393939,1.5674242424242424,1626.352984642271
Iraqi Kurdistan,2.2222222222222223,3.1666666666666665,0.9555555555555555,2.211111111111111,3.2222222222222223,2.0,2.3966666666666665,1538.0441922142315
Isle of Wight,1.7941176470588236,2.9254901960784316,1.299019607843137,1.6264705882352941,2.7058823529411766,1.7647058823529411,1.9232352941176472,1533.0176816836665
Israel,1.3025454545454545,1.455090909090909,1.5005454545454544,-0.045454545454545456,1.8036363636363637,1.2581818181818183,0.9939272727272729,1547.1568872081814
Italy,1.8384928716904279,1.7229124236252547,0.9905295315682282,0.7323828920570266,2.6028513238289204,2.0407331975560083,1.6797556008146641,1742.114662393462
Ivory Coast,1.7874223602484471,1.613768115942029,0.9869565217391305,0.6268115942028986,2.518633540372671,2.040372670807453,1.6107763975155283,1648.7960359857248
Jamaica,1.3542168674698796,1.3548192771084338,1.384889558232932,-0.030070281124497986,1.8674698795180722,1.6295180722891567,1.0691114457831328,1545.7917467183363
Japan,1.711063829787234,1.8256382978723402,1.1614893617021276,0.6641489361702128,2.497872340425532,1.976595744680851,1.580904255319149,1674.2567735922519
Jordan,1.4032128514056224,1.273627844712182,1.0712182061579651,0.20240963855421687,1.8353413654618473,2.0240963855421685,1.1914859437751004,1543.0265994197323
Kabylia,1.0,1.6,2.6,-1.0,1.0,2.0,0.5,1489.3823227595362
Kazakhstan,1.0144,1.1072,1.68,-0.5728,1.272,1.208,0.6091200000000001,1445.9378766037673
Kenya,1.4098333333333335,1.42375,1.343875,0.079875,1.9275,1.4475,1.1181458333333334,1509.6438958407975
Kernow,0.3333333333333333,2.5625,4.354166666666667,-1.7916666666666667,0.25,0.25,-0.3291666666666666,1493.302294686342
Kiribati,0.04,0.24,14.34,-14.1,0.0,0.0,-4.214,1451.347387773052
Kosovo,1.4781609195402299,1.6313218390804598,1.367816091954023,0.26350574712643676,2.0,1.5,1.220316091954023,1533.6940062797341
Kurdistan,,,,,,,,1500.0
Kuwait,1.4591145833333332,1.4774739583333334,1.1449218749999999,0.33255208333333336,1.9739583333333333,1.7109375,1.249296875,1581.9121051923628
Kyrgyzstan,1.0630522088353414,1.1813253012048193,1.6889558232931727,-0.5076305220883534,1.5421686746987953,1.0963855421686748,0.6910040160642571,1398.4723463630703
Kárpátalja,1.4375,1.9125,1.2125,0.7,1.5,0.5,1.1350000000000002,1507.9218551946676
Laos,0.6652631578947369,1.0084210526315789,2.983157894736842,-1.9747368421052631,0.8315789473684211,0.4421052631578947,-0.11578947368421048,1253.229875826486
Latvia,1.065321375186846,1.184828101644245,1.695067264573991,-0.5102391629297459,1.4035874439461884,1.094170403587444,0.6631913303437967,1425.347854952071
Lebanon,1.0596875000000001,1.1108333333333333,1.5325,-0.4216666666666667,1.29375,1.3,0.686125,1472.4860014716742
Lesotho,0.8659722222222223,0.8113425925925926,1.596875,-0.7855324074074075,0.8958333333333334,1.3333333333333333,0.4232291666666667,1364.4101276394658
Liberia,0.9600849256900211,0.8373673036093419,1.502335456475584,-0.6649681528662421,1.2038216560509554,1.414012738853503,0.5667091295116774,1443.5703930706566
Libya,1.377560975609756,1.3713821138211382,1.2256910569105692,0.1456910569105691,1.9170731707317072,1.7121951219512195,1.1493658536585367,1515.7682416469072
Liechtenstein,0.38599439775910366,0.4431372549019608,2.776190476190476,-2.3330532212885156,0.4117647058823529,0.5462184873949579,-0.4085434173669467,1273.0946519242457
Lithuania,0.9612637362637362,1.0181318681318683,1.8475274725274726,-0.8293956043956043,1.2747252747252746,1.043956043956044,0.4950274725274726,1415.4132975017123
Luhansk PR,0.4,0.5,1.4,-0.9,0.5,0.0,-0.009999999999999953,1484.8131531458719
Luxembourg,0.45849802371541504,0.6454545454545455,2.5644268774703556,-1.9189723320158103,0.5296442687747036,0.5533596837944664,-0.23102766798418967,1267.4739044311414
Macau,0.5352941176470588,0.7691176470588235,2.985294117647059,-2.216176470588235,0.6764705882352942,0.5,-0.2654411764705882,1262.6446141190806
Madagascar,1.2751515151515151,1.3363636363636364,1.562727272727273,-0.22636363636363638,1.7333333333333334,1.2606060606060605,0.914878787878788,1482.93718202982
Madrid,,,,,,,,1500.0
Malawi,1.307356948228883,1.185149863760218,1.3395095367847412,-0.15435967302452316,1.7302452316076293,1.5313351498637602,0.9758174386920981,1503.435346329309
Malaysia,1.3653761061946903,1.622750737463127,1.4464970501474927,0.17625368731563423,1.8672566371681416,1.4535398230088497,1.1178318584070797,1479.3627299218833
Maldives,0.9485148514851485,1.1782178217821782,2.263366336633663,-1.085148514851485,1.306930693069307,1.0396039603960396,0.41920792079207925,1303.9833189817123
Mali,1.4537848605577688,1.2932270916334663,1.145285524568393,0.14794156706507303,1.9641434262948207,1.6414342629482073,1.1828685258964144,1546.049723589381
Malta,0.6240447957839262,0.6638998682476943,2.2330039525691703,-1.5691040843214756,0.7430830039525692,0.766798418972332,0.004183135704874886,1328.821256538462
Manchukuo,0.0,0.0,6.5,-6.5,0.0,0.0,-1.95,1488.8000097048784
Mapuche,,,,,,,,1500.0
Marshall Islands,,,,,,,,1500.0
Martinique,1.5575757575757576,1.8,1.3309090909090908,0.4690909090909091,2.175757575757576,1.6363636363636365,1.3625454545454547,1546.4192808923358
Matabeleland,1.4166666666666665,1.25,2.5,-1.25,1.0,0.5,0.4416666666666667,1496.9316317026307
Mauritania,0.8821428571428571,0.7214285714285714,1.5482142857142858,-0.8267857142857142,1.0178571428571428,1.4732142857142858,0.4557142857142858,1389.174462165671
Mauritius,1.0859060402684564,1.2903803131991052,1.5812080536912752,-0.29082774049217003,1.389261744966443,1.1275167785234899,0.7377181208053692,1414.0935147508665
Mayotte,1.0,1.5272727272727273,1.5636363636363635,-0.03636363636363637,1.1818181818181819,1.0909090909090908,0.7345454545454545,1439.790099585426
Menorca,2.0650000000000004,2.7350000000000003,1.06,1.675,2.9,1.5,2.0585,1536.7296604389987
Mexico,1.7815397350993376,1.7770971302428253,1.0343543046357615,0.7427428256070641,2.5927152317880795,2.052980132450331,1.6592798013245034,1712.9587346711437
Micronesia,0.375,1.25,4.75,-3.5,0.5,0.5,-0.75,1476.618716456339
Moldova,0.8670483460559796,0.878880407124682,1.783206106870229,-0.9043256997455471,1.0229007633587786,1.0229007633587786,0.3823918575063614,1397.4004608318867
Monaco,0.8666666666666666,1.6666666666666667,5.608333333333333,-3.9416666666666664,1.125,0.625,-0.5483333333333333,1482.5988692991623
Mongolia,0.8108108108108109,1.1639639639639638,2.9567567567567568,-1.7927927927927927,1.1891891891891893,0.8378378378378378,0.10810810810810816,1310.7991114321787
Montenegro,1.2197802197802199,1.1457875457875457,1.4476190476190478,-0.3018315018315018,1.6483516483516483,1.5054945054945055,0.8775824175824176,1552.7319577986084
Montserrat,0.9571428571428572,1.25,3.0285714285714285,-1.7785714285714287,1.4285714285714286,0.8928571428571429,0.22428571428571434,1352.9320940326013
Morocco,1.8075581395348836,1.5174418604651163,0.7757267441860466,0.7417151162790698,2.5348837209302326,2.5261627906976742,1.7051308139534884,1662.3330765294015
Mozambique,1.2234285714285713,1.0539999999999998,1.272857142857143,-0.21885714285714283,1.5885714285714285,1.5885714285714285,0.9002857142857144,1460.1757181449902
Myanmar,1.371853146853147,1.5914335664335664,1.5901515151515153,0.0012820512820512892,1.9685314685314685,1.513986013986014,1.0942307692307693,1480.7550537606824
Namibia,0.9862595419847328,0.9038167938931299,1.4000000000000001,-0.4961832061068702,1.1374045801526718,1.2442748091603053,0.5975572519083969,1432.2482513699833
Nepal,0.9161375661375661,0.9619047619047619,2.1906084656084657,-1.2287037037037036,1.2380952380952381,1.1507936507936507,0.3605423280423281,1287.306686796516
Netherlands,1.7932631578947367,2.118877192982456,1.2025263157894739,0.9163508771929825,2.591578947368421,1.7915789473684212,1.689684210526316,1697.2692897750355
New Caledonia,1.7102040816326531,2.656575963718821,1.403061224489796,1.2535147392290251,2.6054421768707483,1.6462585034013606,1.7458503401360543,1549.736340976337
New Zealand,1.4294117647058824,1.8235294117647058,1.5541176470588234,0.26941176470588235,2.0764705882352943,1.6,1.2278823529411764,1562.1939688533769
Nicaragua,0.9842105263157894,1.1572368421052632,1.9927631578947367,-0.8355263157894737,1.4078947368421053,1.144736842105263,0.539078947368421,1341.618317580069
Niger,0.8851694915254238,0.9173728813559322,1.6563559322033898,-0.7389830508474576,1.1016949152542372,1.0,0.45271186440677974,1415.857426867446
Nigeria,1.6958990536277603,1.536750788643533,1.02397476340694,0.512776025236593,2.3406940063091484,1.9905362776025237,1.499384858044164,1646.4542269369474
Niue,0.0,0.0,14.0,-14.0,0.0,0.0,-4.2,1497.056688590771
North Korea,1.5841059602649006,1.7006622516556291,1.043708609271523,0.656953642384106,2.119205298013245,1.9337748344370862,1.4479470198675497,1586.9334449846697
North Macedonia,1.218543046357616,1.247130242825607,1.291832229580574,-0.04470198675496689,1.5629139072847682,1.4437086092715232,0.9309602649006624,1520.7094877390218
North Vietnam,0.72,1.47,2.55,-1.08,1.0,0.4,0.20400000000000004,1464.6346572675618
Northern Cyprus,1.8078947368421054,2.4499999999999997,1.050877192982456,1.3991228070175439,2.736842105263158,2.210526315789474,1.911315789473684,1517.5916228348613
Northern Ireland,0.9983679525222552,1.0600395647873393,1.8943620178041543,-0.8343224530168151,1.2997032640949555,1.281899109792285,0.5371810089020772,1484.3135324493076
Northern Mariana Islands,0.4,0.7688888888888888,4.653333333333333,-3.8844444444444446,0.4666666666666667,0.3333333333333333,-0.8786666666666666,1323.7734287521412
Norway,1.3399082568807341,1.5779434250764526,1.6889525993883792,-0.1110091743119266,1.871559633027523,1.3623853211009174,1.013211009174312,1547.1291866506606
Oman,1.4006472491909385,1.344336569579288,1.2233009708737863,0.12103559870550161,1.9158576051779934,1.7540453074433657,1.155145631067961,1537.9286641289584
Orkney,0.9535714285714285,1.4726190476190477,2.4083333333333337,-0.9357142857142857,1.5,0.5,0.4507142857142858,1463.5235354091908
Pakistan,0.7714285714285714,0.826530612244898,2.3224489795918366,-1.4959183673469387,1.0204081632653061,1.1428571428571428,0.1781632653061225,1318.7563346927686
Palau,0.0,2.0,6.0,-4.0,0.0,0.0,-1.2,1493.5215762468024
Palestine,1.1627240143369177,1.2598566308243728,1.2946236559139785,-0.03476702508960573,1.4408602150537635,1.8602150537634408,0.9288530465949821,1457.6654767690886
Panama,1.306910569105691,1.282249322493225,1.4794037940379403,-0.19715447154471544,1.7317073170731707,1.5,0.9599593495934959,1527.7830761703979
Panjab,1.3800000000000001,2.88,3.1399999999999997,-0.26000000000000006,1.8,1.0,0.9339999999999999,1517.1189982756803
Papua New Guinea,1.084246575342466,2.2006849315068493,2.16027397260274,0.040410958904109576,1.5068493150684932,1.0547945205479452,0.8526712328767124,1447.3795260242857
Paraguay,1.2613240418118468,1.2505807200929153,1.5252032520325203,-0.2746225319396051,1.6864111498257839,1.4390243902439024,0.9033275261324042,1606.3976506214376
Parishes of Jersey,,,,,,,,1500.0
Peru,1.2248456790123456,1.212037037037037,1.403395061728395,-0.19135802469135801,1.623456790123457,1.3888888888888888,0.8961111111111112,1578.7190260010004
Philippines,1.018978102189781,1.1722627737226277,2.164963503649635,-0.9927007299270073,1.4306569343065694,1.167883211678832,0.5127007299270073,1330.7740153611026
Poland,1.5359813084112148,1.702803738317757,1.3728971962616823,0.3299065420560747,2.135514018691589,1.52803738317757,1.2932710280373831,1629.4244495092273
Portugal,1.705691056910569,1.753026196928636,1.1497741644083108,0.6032520325203252,2.4634146341463414,1.986449864498645,1.554579945799458,1700.2506097287837
Provence,1.435,4.1049999999999995,2.4699999999999998,1.6350000000000002,2.3,0.6,1.5845000000000002,1485.4487559604074
Puerto Rico,0.9324324324324325,1.272972972972973,2.097297297297297,-0.8243243243243243,1.2567567567567568,1.0810810810810811,0.48513513513513523,1335.2733262022825
Qatar,1.4857142857142858,1.415873015873016,1.187830687830688,0.22804232804232805,2.0714285714285716,1.6904761904761905,1.246031746031746,1581.0395060028227
Quebec,3.0,12.0,0.5,11.5,2.0,1.0,5.15,1508.5378286686434
Raetia,0.8222222222222223,1.4296296296296296,3.962962962962963,-2.533333333333333,1.0,0.2222222222222222,-0.20888888888888893,1449.1375030424758
Republic of Ireland,1.4391304347826086,1.346376811594203,1.1986956521739132,0.14768115942028984,1.9246376811594204,1.817391304347826,1.1866231884057972,1631.806736157331
Republic of St. Pauli,1.4444444444444444,2.6666666666666665,0.8333333333333334,1.8333333333333333,0.6666666666666666,0.6666666666666666,1.3277777777777777,1501.4738950548706
Rhodes,2.07,1.6300000000000001,1.145,0.485,3.1,2.3,1.8235,1525.078890738001
Romani people,3.0,3.0,1.0,2.0,1.0,0.0,2.0000000000000004,1504.7124479888812
Romania,1.5772099447513814,1.6294198895027625,1.293232044198895,0.3361878453038674,2.218232044198895,1.574585635359116,1.3328453038674033,1629.3089627534973
Russia,1.7749235474006115,1.7522935779816513,1.0495412844036698,0.7027522935779816,2.4984709480122325,1.929663608562691,1.6134556574923549,1702.501885592857
Rwanda,1.2064367816091954,1.0,1.2041379310344826,-0.20413793103448277,1.5655172413793104,1.6551724137931034,0.8999540229885058,1460.4441808025788
Ryūkyū,,,,,,,,1500.0
Réunion,1.626865671641791,1.8753731343283584,1.5201492537313432,0.35522388059701493,2.4477611940298507,1.8059701492537314,1.4274626865671642,1472.817668505804
Saare County,0.4571428571428572,1.0714285714285714,2.9,-1.8285714285714287,0.6428571428571429,0.2857142857142857,-0.20857142857142855,1422.158153049962
Saint Barthélemy,0.9285714285714286,1.6404761904761904,3.6333333333333333,-1.9928571428571427,1.2857142857142858,0.0,0.030714285714285756,1478.2360085277785
Saint Helena,0.0,2.0,7.0,-5.0,0.0,0.0,-1.5,1491.840977607604
Saint Kitts and Nevis,1.352,1.7212,1.6564,0.06480000000000001,1.952,1.456,1.09624,1457.001489451434
Saint Lucia,1.1367924528301887,1.3427672955974843,1.903301886792453,-0.5605345911949685,1.6320754716981132,0.9150943396226415,0.7044811320754718,1417.7613062435078
Saint Martin,1.228,1.452,2.32,-0.868,1.72,0.84,0.6588,1397.4855780498287
Saint Pierre and Miquelon,0.0,0.2,10.2,-10.0,0.0,0.0,-3.0,1438.642845915733
Saint Vincent and the Grenadines,1.320754716981132,1.6207547169811323,1.841509433962264,-0.22075471698113205,1.820754716981132,0.9905660377358491,0.9252830188679246,1455.0784894709648
Samoa,1.0,1.4205128205128206,3.0923076923076924,-1.6717948717948719,1.5384615384615385,1.1794871794871795,0.32410256410256416,1406.6699840831366
San Marino,0.07678571428571428,0.1962797619047619,4.041815476190476,-3.845535714285714,0.05357142857142857,0.16071428571428573,-1.0961607142857142,1188.6481599847398
Sark,0.0,0.0,19.0,-19.0,0.0,0.0,-5.7,1490.066502374237
Saudi Arabia,1.6877314814814814,1.6001543209876543,1.0275462962962962,0.5726080246913581,2.4189814814814814,2.0925925925925926,1.5399305555555556,1631.0077183251185
Saugeais,,,,,,,,1500.0
Scotland,1.604206730769231,1.673798076923077,1.2450721153846156,0.42872596153846154,2.3197115384615383,1.5552884615384615,1.3897716346153848,1628.9684201370424
Sealand,1.086111111111111,1.8055555555555554,2.125,-0.3194444444444444,0.8333333333333334,0.0,0.5052777777777778,1493.616015680797
Seborga,,,,,,,,1500.0
Senegal,1.668705035971223,1.396043165467626,0.9428057553956836,0.45323741007194246,2.341726618705036,2.068345323741007,1.47863309352518,1615.6821384549094
Serbia,1.5735384615384616,1.7415384615384615,1.388974358974359,0.35256410256410253,2.249230769230769,1.4246153846153846,1.3274923076923077,1648.0074326463448
Seychelles,0.6580246913580247,0.7905349794238683,2.1020576131687245,-1.311522633744856,0.7777777777777778,0.7037037037037037,0.09567901234567906,1313.028031660918
Shetland,1.425,1.65,1.575,0.07499999999999996,2.0625,1.25,1.13,1477.2770040342232
Sierra Leone,1.0548387096774194,0.9172043010752688,1.4838709677419355,-0.5666666666666667,1.3629032258064515,1.3225806451612903,0.6567741935483872,1471.062702493644
Silesia,1.0142857142857142,2.4499999999999997,2.276190476190476,0.17380952380952383,1.4285714285714286,0.0,0.7435714285714285,1494.9725523498332
Singapore,1.1678062678062677,1.3606837606837607,1.7580721747388415,-0.3973884140550807,1.601139601139601,1.188034188034188,0.786937321937322,1427.0455861913892
Sint Maarten,0.8711538461538461,1.289102564102564,3.139102564102564,-1.85,1.2307692307692308,0.7692307692307693,0.1165384615384616,1418.690013573692
Slovakia,1.4812121212121212,1.374141414141414,1.1959595959595961,0.17818181818181816,2.096969696969697,1.5757575757575757,1.222909090909091,1610.3260122385846
Slovenia,1.3693899782135077,1.2174291938997823,1.1434640522875816,0.07396514161220044,1.8366013071895424,1.7450980392156863,1.1117755991285405,1573.7561806216052
Solomon Islands,1.4445,2.063,1.949,0.114,2.13,1.37,1.175,1521.9155631967267
Somalia,0.3183673469387755,0.5170068027210885,2.9272108843537414,-2.410204081632653,0.30612244897959184,0.40816326530612246,-0.4936734693877551,1293.8861578267122
Somaliland,0.75,1.125,3.5,-2.375,0.5,0.0,-0.3125,1493.9330765792395
South Africa,1.6575438596491228,1.3473684210526315,0.9066666666666666,0.4407017543859649,2.2421052631578946,2.1403508771929824,1.4576842105263157,1627.403517398214
South Korea,1.8091189155884166,1.7078250154035737,0.903388786198398,0.8044362292051755,2.593345656192237,2.3659889094269873,1.7202464571780656,1693.8077950267634
South Ossetia,0.7000000000000001,1.425,2.8166666666666664,-1.3916666666666666,0.8333333333333334,0.8333333333333334,0.11250000000000003,1466.6340458335642
South Sudan,0.7138888888888889,0.6666666666666666,1.7972222222222223,-1.1305555555555555,0.8333333333333334,1.1666666666666667,0.22972222222222227,1367.0350039815028
Spain,1.991075794621027,2.015240423797881,0.8876120619396903,1.1276283618581906,2.9144254278728607,2.1809290953545233,1.9356968215158925,1777.0904776761568
Sri Lanka,0.8396551724137932,1.0185344827586207,2.1067528735632184,-1.0882183908045977,1.043103448275862,0.9137931034482759,0.309396551724138,1256.2486063244203
Sudan,1.1366336633663365,1.035973597359736,1.412211221122112,-0.37623762376237624,1.50990099009901,1.4405940594059405,0.7878217821782179,1480.002835592585
Suriname,1.4966666666666666,1.8622222222222222,1.4133333333333333,0.4488888888888889,2.088888888888889,1.4166666666666667,1.2927777777777778,1507.556742738216
Sweden,1.6803001876172607,1.977485928705441,1.3185741088180112,0.6589118198874296,2.444652908067542,1.6135084427767354,1.5200750469043154,1641.6969190179932
Switzerland,1.2746085011185682,1.4635346756152126,1.648434004474273,-0.1848993288590604,1.74496644295302,1.2371364653243848,0.9270805369127517,1575.8662943397417
Syria,1.2903846153846155,1.417857142857143,1.3218864468864469,0.09597069597069598,1.7252747252747254,1.4725274725274726,1.0372527472527473,1518.676231825717
Székely Land,1.25,2.05,1.9300000000000002,0.11999999999999997,1.4,0.7,0.8860000000000001,1477.7432536020792
Sápmi,1.8812499999999999,4.972916666666666,1.4677083333333334,3.5052083333333335,2.3125,0.875,2.3540625,1520.9113206289478
São Tomé and Príncipe,0.48444444444444446,0.8366666666666667,2.77,-1.9333333333333333,0.5666666666666667,0.43333333333333335,-0.22955555555555554,1372.5718572568346
Tahiti,1.7025641025641025,2.6324786324786325,1.4991452991452991,1.1333333333333333,2.6153846153846154,1.623931623931624,1.7064957264957266,1589.3247375168162
Taiwan,1.0798701298701299,1.3623376623376624,2.268181818181818,-0.9058441558441559,1.5714285714285714,0.961038961038961,0.5705844155844156,1339.053847576312
Tajikistan,1.2771084337349397,1.3710843373493975,1.5036144578313253,-0.13253012048192772,1.7951807228915662,1.6506024096385543,0.9951807228915663,1460.3496773654392
Tamil Eelam,1.5230769230769232,2.0615384615384618,1.7999999999999998,0.26153846153846155,2.5384615384615383,1.3846153846153846,1.333846153846154,1505.42470028837
Tanzania,1.0862244897959183,1.1018707482993197,1.543424036281179,-0.4415532879818594,1.3639455782312926,1.2619047619047619,0.7010034013605443,1443.8764582219094
Thailand,1.5358916478555305,1.7155756207674944,1.3715575620767495,0.3440180586907449,2.1670428893905194,1.6636568848758464,1.3173363431151242,1529.4866742855847
Tibet,0.3333333333333333,1.75,4.583333333333333,-2.8333333333333335,0.3333333333333333,0.0,-0.65,1408.3196074705347
Ticino,,,,,,,,1500.0
Timor-Leste,0.4222222222222222,0.8370370370370371,2.9333333333333336,-2.0962962962962965,0.5925925925925926,0.48148148148148145,-0.2933333333333333,1192.7615840480419
Togo,1.1726190476190477,1.057051282051282,1.3853479853479853,-0.3282967032967033,1.4945054945054945,1.4395604395604396,0.813415750915751,1488.245994137483
Tonga,0.6879310344827586,1.053448275862069,3.8793103448275863,-2.825862068965517,0.9655172413793104,0.4482758620689655,-0.33465517241379306,1402.8582528283482
Trinidad and Tobago,1.5421052631578946,1.6555555555555557,1.2941520467836258,0.3614035087719298,2.2222222222222223,1.5146198830409356,1.321169590643275,1548.2429765578195
Tunisia,1.6383049242424244,1.4361268939393939,0.9696022727272727,0.46652462121212124,2.2386363636363638,1.9971590909090908,1.442722537878788,1624.6139207013168
Turkey,1.3888157894736841,1.3335526315789472,1.4296052631578948,-0.09605263157894736,1.917763157894737,1.5921052631578947,1.0694736842105264,1597.8953740409286
Turkmenistan,1.232367149758454,1.4214975845410627,1.5340579710144926,-0.11256038647342993,1.7246376811594204,1.3333333333333333,0.9374396135265701,1469.3858194112054
Turks and Caicos Islands,0.8181818181818182,1.0363636363636364,3.4454545454545453,-2.409090909090909,1.1363636363636365,0.6363636363636364,-0.10454545454545451,1347.442759957474
Tuvalu,0.5230769230769231,0.9076923076923078,5.230769230769231,-4.323076923076924,0.6923076923076923,0.07692307692307693,-0.9415384615384615,1431.1340523517308
Uganda,1.5336569579288024,1.5132686084142395,1.189967637540453,0.32330097087378645,2.103559870550162,1.8187702265372168,1.3130420711974111,1536.9607882480682
Ukraine,1.6302658486707566,1.4347648261758692,1.058077709611452,0.37668711656441717,2.245398773006135,1.9754601226993864,1.4117382413087936,1678.8257975776507
United Arab Emirates,1.5461318051575932,1.507163323782235,1.180515759312321,0.32664756446991405,2.166189111747851,1.7707736389684814,1.32676217765043,1575.9651862888152
United Koreans in Japan,1.4904761904761905,1.4166666666666665,0.9904761904761905,0.4261904761904762,1.0,1.4285714285714286,1.066904761904762,1501.8372307928616
United States,1.6007,1.5539,1.1682000000000001,0.3857,2.31,1.894,1.4073900000000001,1669.6630665931718
United States Virgin Islands,0.6944444444444445,0.6954545454545454,3.2065656565656564,-2.5111111111111115,0.7272727272727273,0.696969696969697,-0.26040404040404036,1300.6913629188734
Uruguay,1.6142980189491818,1.571576227390181,1.129888027562446,0.4416881998277347,2.255813953488372,1.806201550387597,1.4100086132644274,1658.6308258063455
Uzbekistan,1.708130081300813,1.708130081300813,1.0410569105691057,0.6670731707317074,2.4878048780487805,2.091463414634146,1.5900813008130084,1611.3249007031231
Vanuatu,1.0560975609756096,1.8073170731707315,2.118292682926829,-0.31097560975609756,1.5365853658536586,0.9878048780487805,0.7352439024390245,1452.6185445905912
Vatican City,0.21666666666666667,0.43333333333333335,3.0833333333333335,-2.65,0.0,1.0,-0.6083333333333333,1458.721133701941
Venezuela,0.9670103092783505,1.0048969072164948,1.8311855670103092,-0.8262886597938145,1.2731958762886597,1.1597938144329898,0.5095360824742269,1517.810703379316
Vietnam,1.4706586826347305,1.6179640718562873,1.3748502994011975,0.24311377245508983,2.1317365269461077,1.6706586826347305,1.2546107784431137,1479.6044943322318
Wales,1.1894150417827298,1.2396935933147633,1.6162952646239555,-0.37660167130919214,1.615598885793872,1.3537604456824512,0.8212813370473538,1540.4638600115559
Wallis Islands and Futuna,0.0,0.17777777777777778,5.022222222222222,-4.844444444444444,0.0,0.0,-1.4533333333333331,1427.318345388105
West Papua,0.0,2.0,8.0,-6.0,0.0,0.0,-1.7999999999999998,1495.0
Western Armenia,1.5,2.56,0.9,1.6600000000000001,1.8,2.8,1.738,1502.8930220982966
Western Australia,2.4,3.6,2.2,1.4,4.0,1.0,2.28,1509.093544110771
Western Isles,1.4666666666666666,1.7600000000000002,1.8866666666666667,-0.12666666666666668,2.0,0.6,1.0086666666666668,1505.9302911071807
Western Sahara,0.9866666666666667,1.8,2.6566666666666667,-0.8566666666666667,1.0,0.4,0.37766666666666665,1497.6652724318803
Yemen,0.8305084745762712,0.9135593220338983,1.911864406779661,-0.9983050847457627,1.0254237288135593,1.0677966101694916,0.3445762711864407,1370.9154984004763
Yemen DPR,0.4,0.5,3.2,-2.7,0.5,0.5,-0.49999999999999994,1459.678472707634
Ynys Môn,2.1282608695652177,2.3746376811594203,1.2971014492753623,1.077536231884058,3.130434782608696,1.7391304347826086,1.9745652173913046,1549.1143884064004
Yoruba Nation,,,,,,,,1500.0
Zambia,1.6378012048192772,1.5850903614457832,1.0548192771084337,0.5302710843373495,2.2801204819277108,1.9427710843373494,1.4645030120481928,1584.8873829768402
Zanzibar,0.8677419354838709,0.9419354838709677,2.0,-1.058064516129032,1.064516129032258,1.096774193548387,0.35225806451612907,1352.025314325095
Zimbabwe,1.3991749174917492,1.2747524752475248,1.2076732673267325,0.06707920792079208,1.8514851485148516,1.6485148514851484,1.1149422442244226,1533.4035909031363
Åland Islands,1.6521739130434783,1.8217391304347825,1.7,0.1217391304347826,2.4347826086956523,1.3478260869565217,1.319130434782609,1518.1000501754722
